{"cameraMode":{"drawMode":0,"name":"Shaded","section":"Shading Mode"},"sceneLighting":true,"audioPlay":false,"sceneViewState":{"m_AlwaysRefresh":false,"showFog":true,"showSkybox":true,"showFlares":true,"showImageEffects":true,"showParticleSystems":true,"showVisualEffectGraphs":true,"m_FxEnabled":true},"in2DMode":false,"pivot":{"x":1.4313937425613404,"y":1.3064818382263184,"z":3.3615376949310304},"rotation":{"x":0.06916502118110657,"y":-0.0493612103164196,"z":0.003404514165595174,"w":0.9962850213050842},"size":0.7972331047058106,"orthographic":false}